{"polyfill":["/polyfill-8f35add3c20067d720af.js"],"app":["/app-b330b172a610f64a8fa3.js"],"component---src-pages-404-js":["/component---src-pages-404-js-af05499c5a53bb25d2e9.js"],"component---src-pages-contato-js":["/component---src-pages-contato-js-22aaf5e49c401c79ce5c.js"],"component---src-pages-index-js":["/component---src-pages-index-js-8b020a678b56b7fbe6a6.js"],"component---src-pages-nossos-carros-js":["/component---src-pages-nossos-carros-js-4aecfe976bcdedb90068.js"],"component---src-pages-politica-de-privacidade-js":["/component---src-pages-politica-de-privacidade-js-46fbe8b66c4fa34a676f.js"],"component---src-pages-sobre-js":["/component---src-pages-sobre-js-ad34b269e23f46c1318c.js"]}