{"polyfill":["/polyfill-8f35add3c20067d720af.js"],"app":["/app-be34ae7b5fcc1aa494e6.js"],"component---src-pages-404-js":["/component---src-pages-404-js-af05499c5a53bb25d2e9.js"],"component---src-pages-contato-js":["/component---src-pages-contato-js-8f8ac4c1e1da738fb1b7.js"],"component---src-pages-index-js":["/component---src-pages-index-js-635adbc1a5b60e23a582.js"],"component---src-pages-nossos-carros-js":["/component---src-pages-nossos-carros-js-86bf78cfe2fc7ca5fc42.js"],"component---src-pages-politica-de-privacidade-js":["/component---src-pages-politica-de-privacidade-js-745b9e30f35be3397b6a.js"],"component---src-pages-sobre-js":["/component---src-pages-sobre-js-d5e6575634fb51a590e4.js"]}