{"namedChunkGroups":{"polyfill":{"name":"polyfill","assets":[{"name":"webpack-runtime-e902b7c881be827a54e7.js","size":4593},{"name":"polyfill-8f35add3c20067d720af.js","size":82481}],"filteredAssets":0,"assetsSize":87074,"filteredAuxiliaryAssets":2,"auxiliaryAssetsSize":223522},"app":{"name":"app","assets":[{"name":"webpack-runtime-e902b7c881be827a54e7.js","size":4593},{"name":"framework-a1c95c659bfafb87498d.js","size":128698},{"name":"app-b330b172a610f64a8fa3.js","size":53138}],"filteredAssets":0,"assetsSize":186429,"filteredAuxiliaryAssets":3,"auxiliaryAssetsSize":559348},"component---src-pages-404-js":{"name":"component---src-pages-404-js","assets":[{"name":"component---src-pages-404-js-af05499c5a53bb25d2e9.js","size":796}],"filteredAssets":0,"assetsSize":796,"filteredAuxiliaryAssets":1,"auxiliaryAssetsSize":2002},"component---src-pages-contato-js":{"name":"component---src-pages-contato-js","assets":[{"name":"styles.ed930aad49409ec2c5df.css","size":96246},{"name":"component---src-pages-contato-js-22aaf5e49c401c79ce5c.js","size":8538}],"filteredAssets":0,"assetsSize":104784,"filteredAuxiliaryAssets":6,"auxiliaryAssetsSize":1567467},"component---src-pages-index-js":{"name":"component---src-pages-index-js","assets":[{"name":"styles.ed930aad49409ec2c5df.css","size":96246},{"name":"component---src-pages-index-js-8b020a678b56b7fbe6a6.js","size":14197}],"filteredAssets":0,"assetsSize":110443,"filteredAuxiliaryAssets":7,"auxiliaryAssetsSize":1772035},"component---src-pages-nossos-carros-js":{"name":"component---src-pages-nossos-carros-js","assets":[{"name":"styles.ed930aad49409ec2c5df.css","size":96246},{"name":"component---src-pages-nossos-carros-js-4aecfe976bcdedb90068.js","size":52511}],"filteredAssets":0,"assetsSize":148757,"filteredAuxiliaryAssets":26,"auxiliaryAssetsSize":4360523},"component---src-pages-politica-de-privacidade-js":{"name":"component---src-pages-politica-de-privacidade-js","assets":[{"name":"styles.ed930aad49409ec2c5df.css","size":96246},{"name":"component---src-pages-politica-de-privacidade-js-46fbe8b66c4fa34a676f.js","size":8324}],"filteredAssets":0,"assetsSize":104570,"filteredAuxiliaryAssets":6,"auxiliaryAssetsSize":1565213},"component---src-pages-sobre-js":{"name":"component---src-pages-sobre-js","assets":[{"name":"styles.ed930aad49409ec2c5df.css","size":96246},{"name":"component---src-pages-sobre-js-ad34b269e23f46c1318c.js","size":12426}],"filteredAssets":0,"assetsSize":108672,"filteredAuxiliaryAssets":10,"auxiliaryAssetsSize":2718243}},"assetsByChunkName":{"polyfill":["webpack-runtime-e902b7c881be827a54e7.js","polyfill-8f35add3c20067d720af.js"],"app":["webpack-runtime-e902b7c881be827a54e7.js","framework-a1c95c659bfafb87498d.js","app-b330b172a610f64a8fa3.js"],"component---src-pages-404-js":["component---src-pages-404-js-af05499c5a53bb25d2e9.js"],"component---src-pages-contato-js":["styles.ed930aad49409ec2c5df.css","component---src-pages-contato-js-22aaf5e49c401c79ce5c.js"],"component---src-pages-index-js":["styles.ed930aad49409ec2c5df.css","component---src-pages-index-js-8b020a678b56b7fbe6a6.js"],"component---src-pages-nossos-carros-js":["styles.ed930aad49409ec2c5df.css","component---src-pages-nossos-carros-js-4aecfe976bcdedb90068.js"],"component---src-pages-politica-de-privacidade-js":["styles.ed930aad49409ec2c5df.css","component---src-pages-politica-de-privacidade-js-46fbe8b66c4fa34a676f.js"],"component---src-pages-sobre-js":["styles.ed930aad49409ec2c5df.css","component---src-pages-sobre-js-ad34b269e23f46c1318c.js"]},"childAssetsByChunkName":{}}