{"namedChunkGroups":{"polyfill":{"name":"polyfill","assets":[{"name":"webpack-runtime-278d268f6c6dfecb0c99.js","size":4593},{"name":"polyfill-8f35add3c20067d720af.js","size":82481}],"filteredAssets":0,"assetsSize":87074,"filteredAuxiliaryAssets":2,"auxiliaryAssetsSize":223522},"app":{"name":"app","assets":[{"name":"webpack-runtime-278d268f6c6dfecb0c99.js","size":4593},{"name":"framework-a1c95c659bfafb87498d.js","size":128698},{"name":"app-be34ae7b5fcc1aa494e6.js","size":53138}],"filteredAssets":0,"assetsSize":186429,"filteredAuxiliaryAssets":3,"auxiliaryAssetsSize":559348},"component---src-pages-404-js":{"name":"component---src-pages-404-js","assets":[{"name":"component---src-pages-404-js-af05499c5a53bb25d2e9.js","size":796}],"filteredAssets":0,"assetsSize":796,"filteredAuxiliaryAssets":1,"auxiliaryAssetsSize":2002},"component---src-pages-contato-js":{"name":"component---src-pages-contato-js","assets":[{"name":"styles.ed930aad49409ec2c5df.css","size":96246},{"name":"component---src-pages-contato-js-8f8ac4c1e1da738fb1b7.js","size":8605}],"filteredAssets":0,"assetsSize":104851,"filteredAuxiliaryAssets":6,"auxiliaryAssetsSize":1567535},"component---src-pages-index-js":{"name":"component---src-pages-index-js","assets":[{"name":"styles.ed930aad49409ec2c5df.css","size":96246},{"name":"component---src-pages-index-js-635adbc1a5b60e23a582.js","size":14254}],"filteredAssets":0,"assetsSize":110500,"filteredAuxiliaryAssets":7,"auxiliaryAssetsSize":1772091},"component---src-pages-nossos-carros-js":{"name":"component---src-pages-nossos-carros-js","assets":[{"name":"styles.ed930aad49409ec2c5df.css","size":96246},{"name":"component---src-pages-nossos-carros-js-86bf78cfe2fc7ca5fc42.js","size":53249}],"filteredAssets":0,"assetsSize":149495,"filteredAuxiliaryAssets":30,"auxiliaryAssetsSize":4749910},"component---src-pages-politica-de-privacidade-js":{"name":"component---src-pages-politica-de-privacidade-js","assets":[{"name":"styles.ed930aad49409ec2c5df.css","size":96246},{"name":"component---src-pages-politica-de-privacidade-js-745b9e30f35be3397b6a.js","size":8381}],"filteredAssets":0,"assetsSize":104627,"filteredAuxiliaryAssets":6,"auxiliaryAssetsSize":1565269},"component---src-pages-sobre-js":{"name":"component---src-pages-sobre-js","assets":[{"name":"styles.ed930aad49409ec2c5df.css","size":96246},{"name":"component---src-pages-sobre-js-d5e6575634fb51a590e4.js","size":12483}],"filteredAssets":0,"assetsSize":108729,"filteredAuxiliaryAssets":10,"auxiliaryAssetsSize":2718299}},"assetsByChunkName":{"polyfill":["webpack-runtime-278d268f6c6dfecb0c99.js","polyfill-8f35add3c20067d720af.js"],"app":["webpack-runtime-278d268f6c6dfecb0c99.js","framework-a1c95c659bfafb87498d.js","app-be34ae7b5fcc1aa494e6.js"],"component---src-pages-404-js":["component---src-pages-404-js-af05499c5a53bb25d2e9.js"],"component---src-pages-contato-js":["styles.ed930aad49409ec2c5df.css","component---src-pages-contato-js-8f8ac4c1e1da738fb1b7.js"],"component---src-pages-index-js":["styles.ed930aad49409ec2c5df.css","component---src-pages-index-js-635adbc1a5b60e23a582.js"],"component---src-pages-nossos-carros-js":["styles.ed930aad49409ec2c5df.css","component---src-pages-nossos-carros-js-86bf78cfe2fc7ca5fc42.js"],"component---src-pages-politica-de-privacidade-js":["styles.ed930aad49409ec2c5df.css","component---src-pages-politica-de-privacidade-js-745b9e30f35be3397b6a.js"],"component---src-pages-sobre-js":["styles.ed930aad49409ec2c5df.css","component---src-pages-sobre-js-d5e6575634fb51a590e4.js"]},"childAssetsByChunkName":{}}